"step.number","action","relation","model","problem","subproblem","covariance_step_run","minimization_successful","covariance_step_successful","covariance_step_warnings","estimate_near_boundary","rounding_errors","zero_gradients","final_zero_gradients","hessian_reset","s_matrix_singular","significant_digits","condition_number","est_methods","model_run_time","subprob_est_time","subprob_cov_time","ofv","CL","V","Q","V2","CLAGE-2-1","CLAGE-3-1","CLAGE-3-2","CLCENT-2-1","CLCRCL-2-1","CLCRCL-3-1","CLCRCL-3-2","CLSEX-2-1","CLWT-2-1","CLWT-3-1","CLWT-3-2","V1AGE-2-1","V1AGE-3-1","V1AGE-3-2","V1CENT-2-1","V1SEX-2-1","V1WT-2-1","V1WT-3-1","V1WT-3-2","IIV CL","OMEGA(2,1)","IIV V2","Additive error PK","Proportional error PK","seCL","seV","seQ","seV2","seCLAGE-2-1","seCLAGE-3-1","seCLAGE-3-2","seCLCENT-2-1","seCLCRCL-2-1","seCLCRCL-3-1","seCLCRCL-3-2","seCLSEX-2-1","seCLWT-2-1","seCLWT-3-1","seCLWT-3-2","seV1AGE-2-1","seV1AGE-3-1","seV1AGE-3-2","seV1CENT-2-1","seV1SEX-2-1","seV1WT-2-1","seV1WT-3-1","seV1WT-3-2","seIIV CL","seOMEGA(2,1)","seIIV V2","seAdditive error PK","seProportional error PK","shrinkage_eta1(%)","shrinkage_eta2(%)","shrinkage_iwres(%)","EI1","EI2","EI3","EI4","EI5","EI6","EI7","EI8","EI9","EI10"
0,none (base),none,1,1,1,0,1,0,0,0,0,0,0,0,0,4.2,NA,FOCE,0:00:59,16.78,0,10916.405,4.79,90.2,7.47,105,NA,NA,NA,NA,NA,NA,NA,NA,NA,NA,NA,NA,NA,NA,NA,NA,NA,NA,NA,0.158,0.122,0.133,1450,0.00739,NA,NA,NA,NA,NA,NA
1,added,CLAGE-2,1,1,1,0,1,0,0,0,0,0,0,1,0,4.0,NA,FOCE_I,0:03:26,83.16,0,10915.4178875905,4.81315,90.1954,7.46897,105.054,-0.0011565,NA,NA,NA,NA,NA,NA,NA,NA,NA,NA,NA,NA,NA,NA,NA,NA,NA,NA,0.153608,0.120119,0.133383,1443.78,0.00741055,NA,NA,NA,NA,NA,NA,NA,NA,NA,NA,NA,NA,NA,NA,NA,NA,NA,NA,NA,NA,NA,NA,NA,NA,NA,NA,NA
1,added,CLCENT-2,2,1,1,0,1,0,0,0,0,0,0,0,0,6.4,NA,FOCE_I,0:02:45,42.3,0,10916.3038893033,4.81593,90.1988,7.47181,105.445,NA,NA,NA,-0.0153392,NA,NA,NA,NA,NA,NA,NA,NA,NA,NA,NA,NA,NA,NA,NA,0.158244,0.122363,0.133378,1449.04,0.00739215,NA,NA,NA,NA,NA,NA,NA,NA,NA,NA,NA,NA,NA,NA,NA,NA,NA,NA,NA,NA,NA,NA,NA,NA,NA,NA,NA
1,added,CLCRCL-2,3,1,1,0,1,0,0,0,0,0,0,0,0,4.5,NA,FOCE_I,0:02:42,40.35,0,10881.4492922113,4.78261,90.2179,7.45607,104.835,NA,NA,NA,NA,0.0173369,NA,NA,NA,NA,NA,NA,NA,NA,NA,NA,NA,NA,NA,NA,0.073921,0.0757763,0.133157,1406.27,0.00754911,NA,NA,NA,NA,NA,NA,NA,NA,NA,NA,NA,NA,NA,NA,NA,NA,NA,NA,NA,NA,NA,NA,NA,NA,NA,NA,NA
1,added,CLSEX-2,4,1,1,0,1,0,0,0,0,0,0,0,0,4.8,NA,FOCE_I,0:02:39,38.08,0,10899.6362704169,4.3655,90.1989,7.46344,104.514,NA,NA,NA,NA,NA,NA,NA,0.230415,NA,NA,NA,NA,NA,NA,NA,NA,NA,NA,NA,0.121162,0.105474,0.133352,1419.98,0.00749365,NA,NA,NA,NA,NA,NA,NA,NA,NA,NA,NA,NA,NA,NA,NA,NA,NA,NA,NA,NA,NA,NA,NA,NA,NA,NA,NA
1,added,CLWT-2,5,1,1,0,1,0,0,0,0,0,0,0,0,5.2,NA,FOCE_I,0:02:47,45.43,0,10886.5991473227,4.74835,90.1903,7.44832,103.112,NA,NA,NA,NA,NA,NA,NA,NA,0.00795491,NA,NA,NA,NA,NA,NA,NA,NA,NA,NA,0.0662733,0.066807,0.133259,1400.15,0.00756758,NA,NA,NA,NA,NA,NA,NA,NA,NA,NA,NA,NA,NA,NA,NA,NA,NA,NA,NA,NA,NA,NA,NA,NA,NA,NA,NA
1,added,V1AGE-2,6,1,1,0,1,0,0,0,0,0,0,1,0,4.5,NA,FOCE_I,0:01:12,59.29,0,10916.044904404,4.78205,90.4183,7.47248,105.563,NA,NA,NA,NA,NA,NA,NA,NA,NA,NA,NA,-0.000680064,NA,NA,NA,NA,NA,NA,NA,0.158503,0.121068,0.131181,1452.32,0.00738104,NA,NA,NA,NA,NA,NA,NA,NA,NA,NA,NA,NA,NA,NA,NA,NA,NA,NA,NA,NA,NA,NA,NA,NA,NA,NA,NA
1,added,V1CENT-2,7,1,1,0,1,0,0,0,0,0,0,0,0,6.4,NA,FOCE_I,0:01:55,32.9,0,10916.3410720674,4.78525,89.7774,7.47167,105.423,NA,NA,NA,NA,NA,NA,NA,NA,NA,NA,NA,NA,NA,NA,0.0112029,NA,NA,NA,NA,0.158284,0.122402,0.13341,1449.14,0.00739187,NA,NA,NA,NA,NA,NA,NA,NA,NA,NA,NA,NA,NA,NA,NA,NA,NA,NA,NA,NA,NA,NA,NA,NA,NA,NA,NA
1,added,V1SEX-2,8,1,1,0,1,0,0,0,0,0,0,0,0,4.7,NA,FOCE_I,0:01:49,28.36,0,10916.2133661452,4.78893,91.1476,7.47085,105.273,NA,NA,NA,NA,NA,NA,NA,NA,NA,NA,NA,NA,NA,NA,NA,-0.0225871,NA,NA,NA,0.158119,0.12488,0.137101,1447.32,0.00739844,NA,NA,NA,NA,NA,NA,NA,NA,NA,NA,NA,NA,NA,NA,NA,NA,NA,NA,NA,NA,NA,NA,NA,NA,NA,NA,NA
1,added,V1WT-2,9,1,1,0,1,0,0,0,0,0,0,0,0,5.3,NA,FOCE_I,0:01:51,31.71,0,10906.3749787259,4.74393,88.9874,7.47841,106.997,NA,NA,NA,NA,NA,NA,NA,NA,NA,NA,NA,NA,NA,NA,NA,NA,0.00435127,NA,NA,0.15992,0.0869724,0.0842347,1464.36,0.00734018,NA,NA,NA,NA,NA,NA,NA,NA,NA,NA,NA,NA,NA,NA,NA,NA,NA,NA,NA,NA,NA,NA,NA,NA,NA,NA,NA
2,added,CLAGE-2,1,1,1,0,1,0,0,0,0,0,0,0,0,5.5,NA,FOCE_I,0:02:37,42.81,0,10881.4492863678,4.78254,90.2179,7.45607,104.836,2.48851e-06,NA,NA,NA,0.017338,NA,NA,NA,NA,NA,NA,NA,NA,NA,NA,NA,NA,NA,NA,0.0739235,0.0757782,0.133157,1406.28,0.00754907,NA,NA,NA,NA,NA,NA,NA,NA,NA,NA,NA,NA,NA,NA,NA,NA,NA,NA,NA,NA,NA,NA,NA,NA,NA,NA,NA
2,added,CLCENT-2,2,1,1,0,1,0,0,0,0,0,0,0,0,5.1,NA,FOCE_I,0:00:59,46.44,0,10881.3527648765,4.80642,90.219,7.45656,104.905,NA,NA,NA,-0.0125401,0.0173315,NA,NA,NA,NA,NA,NA,NA,NA,NA,NA,NA,NA,NA,NA,0.0739375,0.075805,0.133164,1405.87,0.0075503,NA,NA,NA,NA,NA,NA,NA,NA,NA,NA,NA,NA,NA,NA,NA,NA,NA,NA,NA,NA,NA,NA,NA,NA,NA,NA,NA
2,added,CLCRCL-3,3,1,1,0,1,0,0,0,0,0,0,0,0,5.1,NA,FOCE_I,0:00:51,41.84,0,10879.3629708922,4.93988,90.23,7.46252,105.803,NA,NA,NA,NA,NA,0.0200234,0.0112424,NA,NA,NA,NA,NA,NA,NA,NA,NA,NA,NA,NA,0.0783921,0.0802143,0.133178,1410.74,0.00753282,NA,NA,NA,NA,NA,NA,NA,NA,NA,NA,NA,NA,NA,NA,NA,NA,NA,NA,NA,NA,NA,NA,NA,NA,NA,NA,NA
2,added,CLSEX-2,4,1,1,0,1,0,0,0,0,0,0,1,0,4.3,NA,FOCE_I,0:03:15,81.79,0,10876.8874879847,4.56559,90.2159,7.45281,104.314,NA,NA,NA,NA,0.0149522,NA,NA,0.107361,NA,NA,NA,NA,NA,NA,NA,NA,NA,NA,NA,0.0699554,0.0737973,0.133171,1393.34,0.00759168,NA,NA,NA,NA,NA,NA,NA,NA,NA,NA,NA,NA,NA,NA,NA,NA,NA,NA,NA,NA,NA,NA,NA,NA,NA,NA,NA
2,added,CLWT-2,5,1,1,0,1,0,0,0,0,0,0,0,0,5.7,NA,FOCE_I,0:02:37,43.76,0,10880.6591528681,4.75702,90.2056,7.45123,103.94,NA,NA,NA,NA,0.0143659,NA,NA,NA,0.00178835,NA,NA,NA,NA,NA,NA,NA,NA,NA,NA,0.0675991,0.0703642,0.133174,1400.94,0.00756797,NA,NA,NA,NA,NA,NA,NA,NA,NA,NA,NA,NA,NA,NA,NA,NA,NA,NA,NA,NA,NA,NA,NA,NA,NA,NA,NA
2,added,V1AGE-2,6,1,1,0,1,0,0,0,0,0,0,0,0,6.3,NA,FOCE_I,0:02:35,41.36,0,10878.5215110208,4.77495,91.0047,7.45885,105.313,NA,NA,NA,NA,0.0181412,NA,NA,NA,NA,NA,NA,-0.00221526,NA,NA,NA,NA,NA,NA,NA,0.0720564,0.0718126,0.12734,1411.32,0.00753048,NA,NA,NA,NA,NA,NA,NA,NA,NA,NA,NA,NA,NA,NA,NA,NA,NA,NA,NA,NA,NA,NA,NA,NA,NA,NA,NA
2,added,V1CENT-2,7,1,1,0,1,0,0,0,0,0,0,0,0,6.7,NA,FOCE_I,0:01:51,30.56,0,10881.4011798191,4.78176,89.7842,7.45635,104.872,NA,NA,NA,NA,0.0173294,NA,NA,NA,NA,NA,NA,NA,NA,NA,0.0115552,NA,NA,NA,NA,0.0739644,0.0758401,0.133195,1406.02,0.00754988,NA,NA,NA,NA,NA,NA,NA,NA,NA,NA,NA,NA,NA,NA,NA,NA,NA,NA,NA,NA,NA,NA,NA,NA,NA,NA,NA
2,added,V1SEX-2,8,1,1,0,1,0,0,0,0,0,0,0,0,4.3,NA,FOCE_I,0:01:48,29.33,0,10876.5418296687,4.78244,84.3689,7.45741,105.33,NA,NA,NA,NA,0.0202388,NA,NA,NA,NA,NA,NA,NA,NA,NA,NA,0.157487,NA,NA,NA,0.0664823,0.0603779,0.115403,1411.08,0.00753468,NA,NA,NA,NA,NA,NA,NA,NA,NA,NA,NA,NA,NA,NA,NA,NA,NA,NA,NA,NA,NA,NA,NA,NA,NA,NA,NA
2,added,V1WT-2,9,1,1,0,1,0,0,0,0,0,0,0,0,4.7,NA,FOCE_I,0:01:50,30.55,0,10815.4706006513,4.82965,88.8678,7.46447,105.462,NA,NA,NA,NA,0.0271017,NA,NA,NA,NA,NA,NA,NA,NA,NA,NA,NA,0.0102003,NA,NA,0.0567658,0.0318054,0.0561909,1421.15,0.00749744,NA,NA,NA,NA,NA,NA,NA,NA,NA,NA,NA,NA,NA,NA,NA,NA,NA,NA,NA,NA,NA,NA,NA,NA,NA,NA,NA
3,added,CLAGE-2,1,1,1,0,1,0,0,0,0,0,0,1,0,4.2,NA,FOCE_I,0:03:25,79.71,0,10814.9985641567,4.84164,88.8734,7.46365,105.41,-0.000756638,NA,NA,NA,0.0268704,NA,NA,NA,NA,NA,NA,NA,NA,NA,NA,NA,0.0102463,NA,NA,0.0564532,0.0316705,0.0561262,1418.45,0.007507,NA,NA,NA,NA,NA,NA,NA,NA,NA,NA,NA,NA,NA,NA,NA,NA,NA,NA,NA,NA,NA,NA,NA,NA,NA,NA,NA
3,added,CLCENT-2,2,1,1,0,1,0,0,0,0,0,0,1,0,4.0,NA,FOCE_I,0:03:14,68.32,0,10815.4649240714,4.8361,88.8679,7.46457,105.477,NA,NA,NA,-0.00334985,0.0270999,NA,NA,NA,NA,NA,NA,NA,NA,NA,NA,NA,0.0101992,NA,NA,0.0567565,0.0317977,0.0561935,1421.08,0.00749774,NA,NA,NA,NA,NA,NA,NA,NA,NA,NA,NA,NA,NA,NA,NA,NA,NA,NA,NA,NA,NA,NA,NA,NA,NA,NA,NA
3,added,CLCRCL-3,3,1,1,0,1,0,0,0,0,0,0,0,0,4.2,NA,FOCE_I,0:02:51,45.21,0,10814.4064621706,4.69549,88.898,7.46469,105.86,NA,NA,NA,NA,NA,0.0256389,0.0327408,NA,NA,NA,NA,NA,NA,NA,NA,NA,0.0104115,NA,NA,0.0562872,0.0313519,0.0558697,1419.69,0.00750193,NA,NA,NA,NA,NA,NA,NA,NA,NA,NA,NA,NA,NA,NA,NA,NA,NA,NA,NA,NA,NA,NA,NA,NA,NA,NA,NA
3,added,CLSEX-2,4,1,1,0,1,0,0,0,0,0,0,1,0,4.6,NA,FOCE_I,0:03:15,70.89,0,10797.7388713198,4.33816,88.9695,7.46867,106.355,NA,NA,NA,NA,0.0235936,NA,NA,0.236717,NA,NA,NA,NA,NA,NA,NA,NA,0.0109127,NA,NA,0.0538804,0.0350118,0.0552995,1406.99,0.00754167,NA,NA,NA,NA,NA,NA,NA,NA,NA,NA,NA,NA,NA,NA,NA,NA,NA,NA,NA,NA,NA,NA,NA,NA,NA,NA,NA
3,added,CLWT-2,5,1,1,0,1,0,0,0,0,0,0,0,0,4.6,NA,FOCE_I,0:01:15,60.53,0,10795.1884958804,4.70007,89.0204,7.45957,104.483,NA,NA,NA,NA,0.0112045,NA,NA,NA,0.0092682,NA,NA,NA,NA,NA,NA,NA,0.0115233,NA,NA,0.0464723,0.0296182,0.055139,1414.7,0.00751671,NA,NA,NA,NA,NA,NA,NA,NA,NA,NA,NA,NA,NA,NA,NA,NA,NA,NA,NA,NA,NA,NA,NA,NA,NA,NA,NA
3,added,V1AGE-2,6,1,1,0,1,0,0,0,0,0,0,1,0,4.6,NA,FOCE_I,0:03:23,78.55,0,10815.4633599515,4.82987,88.8418,7.46438,105.453,NA,NA,NA,NA,0.0271036,NA,NA,NA,NA,NA,NA,9.67849e-05,NA,NA,NA,NA,0.0102269,NA,NA,0.0567576,0.0317956,0.0561828,1420.91,0.0074983,NA,NA,NA,NA,NA,NA,NA,NA,NA,NA,NA,NA,NA,NA,NA,NA,NA,NA,NA,NA,NA,NA,NA,NA,NA,NA,NA
3,added,V1CENT-2,7,1,1,0,1,0,0,0,0,0,0,0,0,6.7,NA,FOCE_I,0:01:45,31.85,0,10815.4475415779,4.83015,89.109,7.46432,105.443,NA,NA,NA,NA,0.0271058,NA,NA,NA,NA,NA,NA,NA,NA,NA,-0.00643195,NA,0.0102046,NA,NA,0.0567613,0.0317841,0.0561583,1421.31,0.00749684,NA,NA,NA,NA,NA,NA,NA,NA,NA,NA,NA,NA,NA,NA,NA,NA,NA,NA,NA,NA,NA,NA,NA,NA,NA,NA,NA
3,added,V1SEX-2,8,1,1,0,1,0,0,0,0,0,0,0,0,4.2,NA,FOCE_I,0:01:28,27.35,0,10801.5353087693,4.83526,99.0992,7.46595,105.561,NA,NA,NA,NA,0.0276399,NA,NA,NA,NA,NA,NA,NA,NA,NA,NA,-0.197381,0.0135922,NA,NA,0.0569155,0.0336184,0.052292,1414.4,0.00751739,NA,NA,NA,NA,NA,NA,NA,NA,NA,NA,NA,NA,NA,NA,NA,NA,NA,NA,NA,NA,NA,NA,NA,NA,NA,NA,NA
3,added,V1WT-3,9,1,1,0,1,0,0,0,0,0,0,0,0,4.9,NA,FOCE_I,0:01:28,29.08,0,10815.1545762447,4.83414,90.585,7.46367,105.325,NA,NA,NA,NA,0.0272055,NA,NA,NA,NA,NA,NA,NA,NA,NA,NA,NA,NA,0.0111283,0.00923285,0.056666,0.0318029,0.0561154,1419.27,0.00750357,NA,NA,NA,NA,NA,NA,NA,NA,NA,NA,NA,NA,NA,NA,NA,NA,NA,NA,NA,NA,NA,NA,NA,NA,NA,NA,NA
4,added,CLAGE-2,1,1,1,0,1,0,0,0,0,0,0,0,0,6.6,NA,FOCE_I,0:02:45,50.57,0,10795.1119782189,4.69439,89.0214,7.46007,104.556,0.000288544,NA,NA,NA,0.0112051,NA,NA,NA,0.00935293,NA,NA,NA,NA,NA,NA,NA,0.0115263,NA,NA,0.0464676,0.029622,0.055135,1415.92,0.00751238,NA,NA,NA,NA,NA,NA,NA,NA,NA,NA,NA,NA,NA,NA,NA,NA,NA,NA,NA,NA,NA,NA,NA,NA,NA,NA,NA
4,added,CLCENT-2,2,1,1,0,1,0,0,0,0,0,0,1,0,4.6,NA,FOCE_I,0:03:17,83.14,0,10794.9814519985,4.73523,89.022,7.46015,104.559,NA,NA,NA,-0.0182784,0.0109819,NA,NA,NA,0.00937277,NA,NA,NA,NA,NA,NA,NA,0.0115259,NA,NA,0.0463585,0.0295547,0.0551456,1413.88,0.00751912,NA,NA,NA,NA,NA,NA,NA,NA,NA,NA,NA,NA,NA,NA,NA,NA,NA,NA,NA,NA,NA,NA,NA,NA,NA,NA,NA
4,added,CLCRCL-3,3,1,1,0,1,0,0,0,0,0,0,2,0,4.5,NA,FOCE_I,0:03:41,107.69,0,10788.4951748575,4.99483,89.0525,7.46689,105.664,NA,NA,NA,NA,NA,0.0156453,0.000800586,NA,0.0106241,NA,NA,NA,NA,NA,NA,NA,0.0115853,NA,NA,0.0446058,0.0299611,0.0551215,1417.22,0.00750612,NA,NA,NA,NA,NA,NA,NA,NA,NA,NA,NA,NA,NA,NA,NA,NA,NA,NA,NA,NA,NA,NA,NA,NA,NA,NA,NA
4,added,CLSEX-2,4,1,1,0,1,0,0,0,0,0,0,0,0,4.1,NA,FOCE_I,0:01:01,48.85,0,10792.6769750954,4.4697,89.0148,7.46132,104.771,NA,NA,NA,NA,0.0162509,NA,NA,0.119,0.00532398,NA,NA,NA,NA,NA,NA,NA,0.0114352,NA,NA,0.0482487,0.0321142,0.0551164,1407.44,0.00754125,NA,NA,NA,NA,NA,NA,NA,NA,NA,NA,NA,NA,NA,NA,NA,NA,NA,NA,NA,NA,NA,NA,NA,NA,NA,NA,NA
4,added,CLWT-3,5,1,1,0,1,0,0,0,0,0,0,0,0,4.6,NA,FOCE_I,0:02:52,59.36,0,10792.4987958262,4.93514,89.0397,7.46397,105.206,NA,NA,NA,NA,0.0110315,NA,NA,NA,NA,0.0118137,0.00676008,NA,NA,NA,NA,NA,0.0115576,NA,NA,0.0456031,0.0296049,0.0551075,1420.02,0.00749835,NA,NA,NA,NA,NA,NA,NA,NA,NA,NA,NA,NA,NA,NA,NA,NA,NA,NA,NA,NA,NA,NA,NA,NA,NA,NA,NA
4,added,V1AGE-2,6,1,1,0,1,0,0,0,0,0,0,0,0,6.4,NA,FOCE_I,0:02:51,57.64,0,10795.1837554658,4.6999,89.0401,7.45966,104.491,NA,NA,NA,NA,0.0112099,NA,NA,NA,0.0092671,NA,NA,-7.66423e-05,NA,NA,NA,NA,0.0115042,NA,NA,0.0464771,0.0296314,0.0551477,1414.94,0.0075159,NA,NA,NA,NA,NA,NA,NA,NA,NA,NA,NA,NA,NA,NA,NA,NA,NA,NA,NA,NA,NA,NA,NA,NA,NA,NA,NA
4,added,V1CENT-2,7,1,1,0,0,0,0,0,1,0,0,1,0,3.5,NA,FOCE_I,0:01:52,38.68,0,10795.1880485233,4.70004,88.9873,7.4596,104.485,NA,NA,NA,NA,0.0111997,NA,NA,NA,0.00927047,NA,NA,NA,NA,NA,0.000884627,NA,0.011523,NA,NA,0.0464727,0.0296232,0.0551445,1414.68,0.00751679,NA,NA,NA,NA,NA,NA,NA,NA,NA,NA,NA,NA,NA,NA,NA,NA,NA,NA,NA,NA,NA,NA,NA,NA,NA,NA,NA
4,added,V1SEX-2,8,1,1,0,1,0,0,0,0,0,0,0,0,4.6,NA,FOCE_I,0:01:38,30.24,0,10786.446203304,4.69868,97.1222,7.45993,104.705,NA,NA,NA,NA,0.0153147,NA,NA,NA,0.00744508,NA,NA,NA,NA,NA,NA,-0.159685,0.0140018,NA,NA,0.0468475,0.0294939,0.0511944,1407.71,0.00754027,NA,NA,NA,NA,NA,NA,NA,NA,NA,NA,NA,NA,NA,NA,NA,NA,NA,NA,NA,NA,NA,NA,NA,NA,NA,NA,NA
4,added,V1WT-3,9,1,1,0,1,0,0,0,0,0,0,0,0,4.0,NA,FOCE_I,0:01:39,30.81,0,10794.8826903688,4.69713,87.3667,7.46082,104.639,NA,NA,NA,NA,0.0110379,NA,NA,NA,0.00935016,NA,NA,NA,NA,NA,NA,NA,NA,0.0106717,0.0125845,0.0465549,0.0300568,0.0554346,1416.27,0.00751119,NA,NA,NA,NA,NA,NA,NA,NA,NA,NA,NA,NA,NA,NA,NA,NA,NA,NA,NA,NA,NA,NA,NA,NA,NA,NA,NA
5,added,CLAGE-2,1,1,1,0,1,0,0,0,0,0,0,0,0,6.5,NA,FOCE_I,0:02:55,58.52,0,10786.422368215,4.70229,97.1858,7.45968,104.67,-0.000161762,NA,NA,NA,0.0153819,NA,NA,NA,0.00736604,NA,NA,NA,NA,NA,NA,-0.160791,0.0140164,NA,NA,0.0468855,0.0295469,0.0511949,1407.02,0.00754273,NA,NA,NA,NA,NA,NA,NA,NA,NA,NA,NA,NA,NA,NA,NA,NA,NA,NA,NA,NA,NA,NA,NA,NA,NA,NA,NA
5,added,CLCENT-2,2,1,1,0,1,0,0,0,0,0,0,0,0,6.8,NA,FOCE_I,0:03:03,66.49,0,10786.3327817773,4.72397,97.0886,7.46029,104.751,NA,NA,NA,-0.0134915,0.0151428,NA,NA,NA,0.00752646,NA,NA,NA,NA,NA,NA,-0.159091,0.0139937,NA,NA,0.0467337,0.029415,0.0511997,1407.19,0.0075419,NA,NA,NA,NA,NA,NA,NA,NA,NA,NA,NA,NA,NA,NA,NA,NA,NA,NA,NA,NA,NA,NA,NA,NA,NA,NA,NA
5,added,CLCRCL-3,3,1,1,0,1,0,0,0,0,0,0,0,0,4.4,NA,FOCE_I,0:02:59,62.13,0,10779.504101791,5.00108,97.1984,7.46714,105.74,NA,NA,NA,NA,NA,0.0177935,0.00231064,NA,0.0097696,NA,NA,NA,NA,NA,NA,-0.159606,0.0141811,NA,NA,0.0448415,0.0297373,0.0511783,1410.65,0.00752653,NA,NA,NA,NA,NA,NA,NA,NA,NA,NA,NA,NA,NA,NA,NA,NA,NA,NA,NA,NA,NA,NA,NA,NA,NA,NA,NA
5,added,CLSEX-2,4,1,1,0,1,0,0,0,0,0,0,0,0,6.1,NA,FOCE_I,0:02:55,59.23,0,10786.4109664923,4.6679,96.828,7.46006,104.738,NA,NA,NA,NA,0.0158468,NA,NA,0.0149168,0.0069822,NA,NA,NA,NA,NA,NA,-0.154678,0.0139096,NA,NA,0.0469415,0.0295877,0.0512039,1406.69,0.00754375,NA,NA,NA,NA,NA,NA,NA,NA,NA,NA,NA,NA,NA,NA,NA,NA,NA,NA,NA,NA,NA,NA,NA,NA,NA,NA,NA
5,added,CLWT-3,5,1,1,0,1,0,0,0,0,0,0,0,0,4.2,NA,FOCE_I,0:02:56,59.98,0,10782.9617495464,4.96612,97.508,7.46548,105.551,NA,NA,NA,NA,0.0137002,NA,NA,NA,NA,0.0111682,0.00539476,NA,NA,NA,NA,-0.16507,0.0142408,NA,NA,0.0460339,0.0297378,0.0511527,1414.38,0.00751592,NA,NA,NA,NA,NA,NA,NA,NA,NA,NA,NA,NA,NA,NA,NA,NA,NA,NA,NA,NA,NA,NA,NA,NA,NA,NA,NA
5,added,V1AGE-2,6,1,1,0,1,0,0,0,0,0,0,1,0,4.3,NA,FOCE_I,0:00:57,48.76,0,10785.9784731772,4.70096,97.4095,7.45904,104.636,NA,NA,NA,NA,0.0155939,NA,NA,NA,0.00729763,NA,NA,0.000748357,NA,NA,NA,-0.167524,0.0142965,NA,NA,0.046846,0.0293929,0.0508963,1405,0.00754983,NA,NA,NA,NA,NA,NA,NA,NA,NA,NA,NA,NA,NA,NA,NA,NA,NA,NA,NA,NA,NA,NA,NA,NA,NA,NA,NA
5,added,V1CENT-2,7,1,1,0,1,0,0,0,0,0,0,0,0,4.7,NA,FOCE_I,0:01:32,33.23,0,10786.4336970744,4.69898,97.3182,7.45983,104.695,NA,NA,NA,NA,0.0153449,NA,NA,NA,0.00743152,NA,NA,NA,NA,NA,-0.00445943,-0.159909,0.0140067,NA,NA,0.0468498,0.0294744,0.0511625,1407.84,0.00753983,NA,NA,NA,NA,NA,NA,NA,NA,NA,NA,NA,NA,NA,NA,NA,NA,NA,NA,NA,NA,NA,NA,NA,NA,NA,NA,NA
5,added,V1WT-3,8,1,1,0,1,0,0,0,0,0,0,1,0,4.6,NA,FOCE_I,0:01:43,43.96,0,10785.3136606857,4.69103,94.3394,7.46259,104.996,NA,NA,NA,NA,0.0147073,NA,NA,NA,0.00779516,NA,NA,NA,NA,NA,NA,-0.169505,NA,0.0128005,0.0164705,0.0469412,0.0301405,0.051439,1410.24,0.00753101,NA,NA,NA,NA,NA,NA,NA,NA,NA,NA,NA,NA,NA,NA,NA,NA,NA,NA,NA,NA,NA,NA,NA,NA,NA,NA,NA
6,added,CLAGE-2,1,1,1,0,1,0,0,0,0,0,0,1,0,4.3,NA,FOCE_I,0:03:40,97.58,0,10779.0965970535,5.02898,97.4515,7.46635,105.631,-0.000647794,NA,NA,NA,NA,0.0179861,0.00187302,NA,0.00964396,NA,NA,NA,NA,NA,NA,-0.163865,0.0142547,NA,NA,0.0448772,0.0299365,0.051182,1407.96,0.00753616,NA,NA,NA,NA,NA,NA,NA,NA,NA,NA,NA,NA,NA,NA,NA,NA,NA,NA,NA,NA,NA,NA,NA,NA,NA,NA,NA
6,added,CLCENT-2,2,1,1,0,1,0,0,0,0,0,0,0,0,5.1,NA,FOCE_I,0:00:58,48.36,0,10779.4279502732,5.02152,97.178,7.46747,105.785,NA,NA,NA,-0.0107359,NA,0.0177181,0.00229171,NA,0.00979672,NA,NA,NA,NA,NA,NA,-0.159252,0.0141745,NA,NA,0.0447639,0.0296831,0.0511829,1410.32,0.00752766,NA,NA,NA,NA,NA,NA,NA,NA,NA,NA,NA,NA,NA,NA,NA,NA,NA,NA,NA,NA,NA,NA,NA,NA,NA,NA,NA
6,added,CLSEX-2,3,1,1,0,0,0,0,0,1,0,0,0,0,3.6,NA,FOCE_I,0:01:10,60.45,0,10779.4673316522,5.0343,97.5213,7.46713,105.721,NA,NA,NA,NA,NA,0.0176063,0.00210286,-0.0130798,0.0100598,NA,NA,NA,NA,NA,NA,-0.165048,0.0142746,NA,NA,0.0447859,0.0297106,0.0511789,1411.54,0.00752354,NA,NA,NA,NA,NA,NA,NA,NA,NA,NA,NA,NA,NA,NA,NA,NA,NA,NA,NA,NA,NA,NA,NA,NA,NA,NA,NA
6,added,CLWT-3,4,1,1,0,1,0,0,0,0,0,0,1,0,4.4,NA,FOCE_I,0:03:34,92.86,0,10779.4529505332,4.97881,97.1141,7.46685,105.698,NA,NA,NA,NA,NA,0.0181953,0.0013019,NA,NA,0.00936044,0.0105104,NA,NA,NA,NA,-0.158227,0.0141524,NA,NA,0.0448057,0.0297258,0.0511852,1409.68,0.00752958,NA,NA,NA,NA,NA,NA,NA,NA,NA,NA,NA,NA,NA,NA,NA,NA,NA,NA,NA,NA,NA,NA,NA,NA,NA,NA,NA
6,added,V1AGE-2,5,1,1,0,1,0,0,0,0,0,0,0,0,5.7,NA,FOCE_I,0:02:56,54.51,0,10778.4776545517,5.01945,97.6412,7.46607,105.639,NA,NA,NA,NA,NA,0.0181278,0.00194574,NA,0.00974962,NA,NA,0.00110991,NA,NA,NA,-0.171122,0.0146376,NA,NA,0.0448247,0.0298008,0.0508609,1406.91,0.00753969,NA,NA,NA,NA,NA,NA,NA,NA,NA,NA,NA,NA,NA,NA,NA,NA,NA,NA,NA,NA,NA,NA,NA,NA,NA,NA,NA
6,added,V1CENT-2,6,1,1,0,1,0,0,0,0,0,0,0,0,5.6,NA,FOCE_I,0:00:55,46,0,10779.485573393,5.00174,97.4328,7.467,105.724,NA,NA,NA,NA,NA,0.0178144,0.00231666,NA,0.00976255,NA,NA,NA,NA,NA,-0.0053627,-0.159847,0.0141869,NA,NA,0.0448423,0.0297153,0.0511415,1410.79,0.00752604,NA,NA,NA,NA,NA,NA,NA,NA,NA,NA,NA,NA,NA,NA,NA,NA,NA,NA,NA,NA,NA,NA,NA,NA,NA,NA,NA
6,added,V1WT-3,7,1,1,0,1,0,0,0,0,0,0,0,0,4.2,NA,FOCE_I,0:00:25,21.78,0,10779.5025641612,4.9988,97.0902,7.46719,105.745,NA,NA,NA,NA,NA,0.0177674,0.00237539,NA,0.00976289,NA,NA,NA,NA,NA,NA,-0.160036,NA,0.0141349,0.014275,0.0448411,0.02973,0.0511711,1410.7,0.00752633,NA,NA,NA,NA,NA,NA,NA,NA,NA,NA,NA,NA,NA,NA,NA,NA,NA,NA,NA,NA,NA,NA,NA,NA,NA,NA,NA
2,removed,CLCRCL-2,1,1,1,0,1,0,0,0,0,0,0,0,0,4.4,NA,FOCE_I,0:02:01,41.63,0,10786.4462033042,4.69867,97.1222,7.45993,104.705,NA,NA,NA,NA,0.015315,NA,NA,NA,0.00744503,NA,NA,NA,NA,NA,NA,-0.159685,0.0140018,NA,NA,0.0468479,0.0294939,0.0511939,1407.7,0.00754028,NA,NA,NA,NA,NA,NA,NA,NA,NA,NA,NA,NA,NA,NA,NA,NA,NA,NA,NA,NA,NA,NA,NA,NA,NA,NA,NA
2,removed,CLWT-1,2,1,1,0,1,0,0,0,0,0,0,0,0,4.3,NA,FOCE_I,0:02:01,42.21,0,10800.8647864695,4.73105,98.9704,7.46606,105.914,NA,NA,NA,NA,NA,0.0265445,0.0319683,NA,NA,NA,NA,NA,NA,NA,NA,-0.194509,0.0136832,NA,NA,0.0564825,0.0331641,0.0520395,1413.12,0.00752176,NA,NA,NA,NA,NA,NA,NA,NA,NA,NA,NA,NA,NA,NA,NA,NA,NA,NA,NA,NA,NA,NA,NA,NA,NA,NA,NA
2,removed,V1SEX-1,3,1,1,0,1,0,0,0,0,0,0,0,0,4.2,NA,FOCE_I,0:02:03,43.59,0,10788.4951748543,4.99483,89.0523,7.46689,105.663,NA,NA,NA,NA,NA,0.015645,0.000800579,NA,0.0106243,NA,NA,NA,NA,NA,NA,NA,0.0115853,NA,NA,0.0446053,0.0299611,0.0551217,1417.22,0.00750615,NA,NA,NA,NA,NA,NA,NA,NA,NA,NA,NA,NA,NA,NA,NA,NA,NA,NA,NA,NA,NA,NA,NA,NA,NA,NA,NA
2,removed,V1WT-1,4,1,1,0,1,0,0,0,0,0,0,0,0,4.5,NA,FOCE_I,0:01:55,37.07,0,10861.6806983474,5.03532,80.5937,7.4563,105.365,NA,NA,NA,NA,NA,0.0141046,-0.00269297,NA,0.00858679,NA,NA,NA,NA,NA,NA,0.278727,NA,NA,NA,0.0503949,0.0456855,0.109441,1403.58,0.00755889,NA,NA,NA,NA,NA,NA,NA,NA,NA,NA,NA,NA,NA,NA,NA,NA,NA,NA,NA,NA,NA,NA,NA,NA,NA,NA,NA
