RUN  ,          FILENAME  ,       OFV_1,MINIMIZATION_MESSAGE1_1,MINIMIZATION_MESSAGE2_1,MINIMIZATION_MESSAGE3_1,MINIMIZATION_MESSAGE4_1,MINIMIZATION_MESSAGE5_1,MINIMIZATION_MESSAGE6_1,MINIMIZATION_MESSAGE7_1,MINIMIZATION_MESSAGE8_1,MINIMIZATION_MESSAGE9_1,MINIMIZATION_MESSAGE10_1,MINIMIZATION_MESSAGE11_1,MINIMIZATION_MESSAGE12_1,MINIMIZATION_MESSAGE13_1,MINIMIZATION_MESSAGE14_1,MINIMIZATION_MESSAGE15_1,MINIMIZATION_MESSAGE16_1,COVARIANCE_STEP_SUCCESSFUL_1,
4,bs_pr1_4.mod,
8,bs_pr1_8.mod,
2,bs_pr1_2.mod,
6,bs_pr1_6.mod,
1,bs_pr1_1.mod,
5,bs_pr1_5.mod,
7,bs_pr1_7.mod,
3,bs_pr1_3.mod,
9,bs_pr1_9.mod,
10,bs_pr1_10.mod,
16,bs_pr1_16.mod,
13,bs_pr1_13.mod,
15,bs_pr1_15.mod,
17,bs_pr1_17.mod,
11,bs_pr1_11.mod,
12,bs_pr1_12.mod,
18,bs_pr1_18.mod,
14,bs_pr1_14.mod,
20,bs_pr1_20.mod,
19,bs_pr1_19.mod,
24,bs_pr1_24.mod,
26,bs_pr1_26.mod,
25,bs_pr1_25.mod,
23,bs_pr1_23.mod,
21,bs_pr1_21.mod,
22,bs_pr1_22.mod,
27,bs_pr1_27.mod,
29,bs_pr1_29.mod,
33,bs_pr1_33.mod,
28,bs_pr1_28.mod,
32,bs_pr1_32.mod,
36,bs_pr1_36.mod,
RUN  ,          FILENAME  ,       OFV_1,MINIMIZATION_MESSAGE1_1,MINIMIZATION_MESSAGE2_1,MINIMIZATION_MESSAGE3_1,MINIMIZATION_MESSAGE4_1,MINIMIZATION_MESSAGE5_1,MINIMIZATION_MESSAGE6_1,MINIMIZATION_MESSAGE7_1,MINIMIZATION_MESSAGE8_1,MINIMIZATION_MESSAGE9_1,MINIMIZATION_MESSAGE10_1,MINIMIZATION_MESSAGE11_1,MINIMIZATION_MESSAGE12_1,MINIMIZATION_MESSAGE13_1,MINIMIZATION_MESSAGE14_1,MINIMIZATION_MESSAGE15_1,MINIMIZATION_MESSAGE16_1,COVARIANCE_STEP_SUCCESSFUL_1,
1,bs_pr1_1.mod,
2,bs_pr1_2.mod,
3,bs_pr1_3.mod,
4,bs_pr1_4.mod,
5,bs_pr1_5.mod,
6,bs_pr1_6.mod,
7,bs_pr1_7.mod,
8,bs_pr1_8.mod,
9,bs_pr1_9.mod,
10,bs_pr1_10.mod,
11,bs_pr1_11.mod,
12,bs_pr1_12.mod,
13,bs_pr1_13.mod,
14,bs_pr1_14.mod,
15,bs_pr1_15.mod,
16,bs_pr1_16.mod,
17,bs_pr1_17.mod,
18,bs_pr1_18.mod,
19,bs_pr1_19.mod,
20,bs_pr1_20.mod,
21,bs_pr1_21.mod,
22,bs_pr1_22.mod,
23,bs_pr1_23.mod,
24,bs_pr1_24.mod,
25,bs_pr1_25.mod,
26,bs_pr1_26.mod,
27,bs_pr1_27.mod,
28,bs_pr1_28.mod,
29,bs_pr1_29.mod,
30,bs_pr1_30.mod,
31,bs_pr1_31.mod,
32,bs_pr1_32.mod,
33,bs_pr1_33.mod,
34,bs_pr1_34.mod,
35,bs_pr1_35.mod,
36,bs_pr1_36.mod,
37,bs_pr1_37.mod,
38,bs_pr1_38.mod,
39,bs_pr1_39.mod,
40,bs_pr1_40.mod,
RUN  ,          FILENAME  ,       OFV_1,MINIMIZATION_MESSAGE1_1,MINIMIZATION_MESSAGE2_1,MINIMIZATION_MESSAGE3_1,MINIMIZATION_MESSAGE4_1,MINIMIZATION_MESSAGE5_1,MINIMIZATION_MESSAGE6_1,MINIMIZATION_MESSAGE7_1,MINIMIZATION_MESSAGE8_1,MINIMIZATION_MESSAGE9_1,MINIMIZATION_MESSAGE10_1,MINIMIZATION_MESSAGE11_1,MINIMIZATION_MESSAGE12_1,MINIMIZATION_MESSAGE13_1,MINIMIZATION_MESSAGE14_1,MINIMIZATION_MESSAGE15_1,MINIMIZATION_MESSAGE16_1,COVARIANCE_STEP_SUCCESSFUL_1,
1,bs_pr1_1.mod,
2,bs_pr1_2.mod,
3,bs_pr1_3.mod,
4,bs_pr1_4.mod,
5,bs_pr1_5.mod,
6,bs_pr1_6.mod,
7,bs_pr1_7.mod,
8,bs_pr1_8.mod,
9,bs_pr1_9.mod,
10,bs_pr1_10.mod,
11,bs_pr1_11.mod,
12,bs_pr1_12.mod,
13,bs_pr1_13.mod,
14,bs_pr1_14.mod,
15,bs_pr1_15.mod,
16,bs_pr1_16.mod,
17,bs_pr1_17.mod,
18,bs_pr1_18.mod,
19,bs_pr1_19.mod,
20,bs_pr1_20.mod,
21,bs_pr1_21.mod,
22,bs_pr1_22.mod,
23,bs_pr1_23.mod,
24,bs_pr1_24.mod,
25,bs_pr1_25.mod,
26,bs_pr1_26.mod,
27,bs_pr1_27.mod,
28,bs_pr1_28.mod,
29,bs_pr1_29.mod,
33,bs_pr1_33.mod,
34,bs_pr1_34.mod,
37,bs_pr1_37.mod,
30,bs_pr1_30.mod,
32,bs_pr1_32.mod,
31,bs_pr1_31.mod,
36,bs_pr1_36.mod,
35,bs_pr1_35.mod,
44,bs_pr1_44.mod,
39,bs_pr1_39.mod,
40,bs_pr1_40.mod,
43,bs_pr1_43.mod,
41,bs_pr1_41.mod,
49,bs_pr1_49.mod,
46,bs_pr1_46.mod,
48,bs_pr1_48.mod,
45,bs_pr1_45.mod,
52,bs_pr1_52.mod,
38,bs_pr1_38.mod,
51,bs_pr1_51.mod,
56,bs_pr1_56.mod,
55,bs_pr1_55.mod,
53,bs_pr1_53.mod,
54,bs_pr1_54.mod,
58,bs_pr1_58.mod,
42,bs_pr1_42.mod,
59,bs_pr1_59.mod,
50,bs_pr1_50.mod,
63,bs_pr1_63.mod,
60,bs_pr1_60.mod,
62,bs_pr1_62.mod,
47,bs_pr1_47.mod,
64,bs_pr1_64.mod,
66,bs_pr1_66.mod,
61,bs_pr1_61.mod,
68,bs_pr1_68.mod,
70,bs_pr1_70.mod,
67,bs_pr1_67.mod,
65,bs_pr1_65.mod,
75,bs_pr1_75.mod,
76,bs_pr1_76.mod,
71,bs_pr1_71.mod,
72,bs_pr1_72.mod,
78,bs_pr1_78.mod,
79,bs_pr1_79.mod,
80,bs_pr1_80.mod,
77,bs_pr1_77.mod,
RUN  ,          FILENAME  ,       OFV_1,MINIMIZATION_MESSAGE1_1,MINIMIZATION_MESSAGE2_1,MINIMIZATION_MESSAGE3_1,MINIMIZATION_MESSAGE4_1,MINIMIZATION_MESSAGE5_1,MINIMIZATION_MESSAGE6_1,MINIMIZATION_MESSAGE7_1,MINIMIZATION_MESSAGE8_1,MINIMIZATION_MESSAGE9_1,MINIMIZATION_MESSAGE10_1,MINIMIZATION_MESSAGE11_1,MINIMIZATION_MESSAGE12_1,MINIMIZATION_MESSAGE13_1,MINIMIZATION_MESSAGE14_1,MINIMIZATION_MESSAGE15_1,MINIMIZATION_MESSAGE16_1,COVARIANCE_STEP_SUCCESSFUL_1,
1,bs_pr1_1.mod,
2,bs_pr1_2.mod,
3,bs_pr1_3.mod,
4,bs_pr1_4.mod,
5,bs_pr1_5.mod,
6,bs_pr1_6.mod,
7,bs_pr1_7.mod,
8,bs_pr1_8.mod,
9,bs_pr1_9.mod,
10,bs_pr1_10.mod,
11,bs_pr1_11.mod,
12,bs_pr1_12.mod,
13,bs_pr1_13.mod,
14,bs_pr1_14.mod,
15,bs_pr1_15.mod,
16,bs_pr1_16.mod,
17,bs_pr1_17.mod,
18,bs_pr1_18.mod,
19,bs_pr1_19.mod,
20,bs_pr1_20.mod,
21,bs_pr1_21.mod,
22,bs_pr1_22.mod,
23,bs_pr1_23.mod,
24,bs_pr1_24.mod,
25,bs_pr1_25.mod,
26,bs_pr1_26.mod,
27,bs_pr1_27.mod,
28,bs_pr1_28.mod,
29,bs_pr1_29.mod,
30,bs_pr1_30.mod,
31,bs_pr1_31.mod,
32,bs_pr1_32.mod,
33,bs_pr1_33.mod,
34,bs_pr1_34.mod,
35,bs_pr1_35.mod,
36,bs_pr1_36.mod,
37,bs_pr1_37.mod,
38,bs_pr1_38.mod,
39,bs_pr1_39.mod,
40,bs_pr1_40.mod,
41,bs_pr1_41.mod,
42,bs_pr1_42.mod,
43,bs_pr1_43.mod,
44,bs_pr1_44.mod,
45,bs_pr1_45.mod,
46,bs_pr1_46.mod,
47,bs_pr1_47.mod,
48,bs_pr1_48.mod,
49,bs_pr1_49.mod,
50,bs_pr1_50.mod,
51,bs_pr1_51.mod,
52,bs_pr1_52.mod,
53,bs_pr1_53.mod,
54,bs_pr1_54.mod,
55,bs_pr1_55.mod,
56,bs_pr1_56.mod,
57,bs_pr1_57.mod,
58,bs_pr1_58.mod,
59,bs_pr1_59.mod,
60,bs_pr1_60.mod,
61,bs_pr1_61.mod,
62,bs_pr1_62.mod,
63,bs_pr1_63.mod,
64,bs_pr1_64.mod,
65,bs_pr1_65.mod,
66,bs_pr1_66.mod,
67,bs_pr1_67.mod,
68,bs_pr1_68.mod,
69,bs_pr1_69.mod,
RUN  ,          FILENAME  ,       OFV_1,MINIMIZATION_MESSAGE1_1,MINIMIZATION_MESSAGE2_1,MINIMIZATION_MESSAGE3_1,MINIMIZATION_MESSAGE4_1,MINIMIZATION_MESSAGE5_1,MINIMIZATION_MESSAGE6_1,MINIMIZATION_MESSAGE7_1,MINIMIZATION_MESSAGE8_1,MINIMIZATION_MESSAGE9_1,MINIMIZATION_MESSAGE10_1,MINIMIZATION_MESSAGE11_1,MINIMIZATION_MESSAGE12_1,MINIMIZATION_MESSAGE13_1,MINIMIZATION_MESSAGE14_1,MINIMIZATION_MESSAGE15_1,MINIMIZATION_MESSAGE16_1,COVARIANCE_STEP_SUCCESSFUL_1,
1,bs_pr1_1.mod,
2,bs_pr1_2.mod,
3,bs_pr1_3.mod,
4,bs_pr1_4.mod,
5,bs_pr1_5.mod,
6,bs_pr1_6.mod,
7,bs_pr1_7.mod,
8,bs_pr1_8.mod,
9,bs_pr1_9.mod,
10,bs_pr1_10.mod,
11,bs_pr1_11.mod,
12,bs_pr1_12.mod,
13,bs_pr1_13.mod,
14,bs_pr1_14.mod,
15,bs_pr1_15.mod,
16,bs_pr1_16.mod,
17,bs_pr1_17.mod,
18,bs_pr1_18.mod,
19,bs_pr1_19.mod,
20,bs_pr1_20.mod,
21,bs_pr1_21.mod,
22,bs_pr1_22.mod,
23,bs_pr1_23.mod,
24,bs_pr1_24.mod,
25,bs_pr1_25.mod,
26,bs_pr1_26.mod,
27,bs_pr1_27.mod,
28,bs_pr1_28.mod,
29,bs_pr1_29.mod,
30,bs_pr1_30.mod,
31,bs_pr1_31.mod,
32,bs_pr1_32.mod,
33,bs_pr1_33.mod,
34,bs_pr1_34.mod,
35,bs_pr1_35.mod,
36,bs_pr1_36.mod,
37,bs_pr1_37.mod,
38,bs_pr1_38.mod,
39,bs_pr1_39.mod,
40,bs_pr1_40.mod,
41,bs_pr1_41.mod,
42,bs_pr1_42.mod,
43,bs_pr1_43.mod,
44,bs_pr1_44.mod,
45,bs_pr1_45.mod,
46,bs_pr1_46.mod,
47,bs_pr1_47.mod,
48,bs_pr1_48.mod,
49,bs_pr1_49.mod,
50,bs_pr1_50.mod,
51,bs_pr1_51.mod,
52,bs_pr1_52.mod,
53,bs_pr1_53.mod,
54,bs_pr1_54.mod,
55,bs_pr1_55.mod,
56,bs_pr1_56.mod,
    0,            run5.mod,10779.5041057276,    0.000000,    0.000000,    0.000000,    0.000000,    0.000000,    0.000000,    0.000000,    0.000000,    0.000000,    0.000000,    0.000000,    0.000000,    0.000000,    0.000000,    0.000000,    0.000000,           0,
RUN  ,          FILENAME  ,       OFV_1,MINIMIZATION_MESSAGE1_1,MINIMIZATION_MESSAGE2_1,MINIMIZATION_MESSAGE3_1,MINIMIZATION_MESSAGE4_1,MINIMIZATION_MESSAGE5_1,MINIMIZATION_MESSAGE6_1,MINIMIZATION_MESSAGE7_1,MINIMIZATION_MESSAGE8_1,MINIMIZATION_MESSAGE9_1,MINIMIZATION_MESSAGE10_1,MINIMIZATION_MESSAGE11_1,MINIMIZATION_MESSAGE12_1,MINIMIZATION_MESSAGE13_1,MINIMIZATION_MESSAGE14_1,MINIMIZATION_MESSAGE15_1,MINIMIZATION_MESSAGE16_1,COVARIANCE_STEP_SUCCESSFUL_1,
1,bs_pr1_1.mod,
2,bs_pr1_2.mod,
3,bs_pr1_3.mod,
4,bs_pr1_4.mod,
5,bs_pr1_5.mod,
6,bs_pr1_6.mod,
7,bs_pr1_7.mod,
8,bs_pr1_8.mod,
9,bs_pr1_9.mod,
10,bs_pr1_10.mod,
11,bs_pr1_11.mod,
12,bs_pr1_12.mod,
13,bs_pr1_13.mod,
14,bs_pr1_14.mod,
15,bs_pr1_15.mod,
16,bs_pr1_16.mod,
17,bs_pr1_17.mod,
18,bs_pr1_18.mod,
19,bs_pr1_19.mod,
20,bs_pr1_20.mod,
21,bs_pr1_21.mod,
22,bs_pr1_22.mod,
23,bs_pr1_23.mod,
24,bs_pr1_24.mod,
25,bs_pr1_25.mod,
26,bs_pr1_26.mod,
27,bs_pr1_27.mod,
28,bs_pr1_28.mod,
29,bs_pr1_29.mod,
30,bs_pr1_30.mod,
31,bs_pr1_31.mod,
32,bs_pr1_32.mod,
33,bs_pr1_33.mod,
34,bs_pr1_34.mod,
35,bs_pr1_35.mod,
36,bs_pr1_36.mod,
37,bs_pr1_37.mod,
38,bs_pr1_38.mod,
39,bs_pr1_39.mod,
40,bs_pr1_40.mod,
41,bs_pr1_41.mod,
42,bs_pr1_42.mod,
43,bs_pr1_43.mod,
44,bs_pr1_44.mod,
45,bs_pr1_45.mod,
46,bs_pr1_46.mod,
47,bs_pr1_47.mod,
48,bs_pr1_48.mod,
49,bs_pr1_49.mod,
50,bs_pr1_50.mod,
51,bs_pr1_51.mod,
52,bs_pr1_52.mod,
53,bs_pr1_53.mod,
54,bs_pr1_54.mod,
55,bs_pr1_55.mod,
56,bs_pr1_56.mod,
62,bs_pr1_62.mod,
58,bs_pr1_58.mod,
60,bs_pr1_60.mod,
57,bs_pr1_57.mod,
61,bs_pr1_61.mod,
59,bs_pr1_59.mod,
64,bs_pr1_64.mod,
63,bs_pr1_63.mod,
65,bs_pr1_65.mod,
68,bs_pr1_68.mod,
66,bs_pr1_66.mod,
71,bs_pr1_71.mod,
69,bs_pr1_69.mod,
67,bs_pr1_67.mod,
70,bs_pr1_70.mod,
72,bs_pr1_72.mod,
73,bs_pr1_73.mod,
74,bs_pr1_74.mod,
76,bs_pr1_76.mod,
77,bs_pr1_77.mod,
75,bs_pr1_75.mod,
79,bs_pr1_79.mod,
78,bs_pr1_78.mod,
80,bs_pr1_80.mod,
81,bs_pr1_81.mod,
82,bs_pr1_82.mod,
83,bs_pr1_83.mod,
84,bs_pr1_84.mod,
85,bs_pr1_85.mod,
86,bs_pr1_86.mod,
87,bs_pr1_87.mod,
88,bs_pr1_88.mod,
89,bs_pr1_89.mod,
90,bs_pr1_90.mod,
91,bs_pr1_91.mod,
92,bs_pr1_92.mod,
93,bs_pr1_93.mod,
94,bs_pr1_94.mod,
95,bs_pr1_95.mod,
96,bs_pr1_96.mod,
97,bs_pr1_97.mod,
98,bs_pr1_98.mod,
99,bs_pr1_99.mod,
100,bs_pr1_100.mod,
    0,            run5.mod,10779.5041057276,    0.000000,    0.000000,    0.000000,    0.000000,    0.000000,    0.000000,    0.000000,    0.000000,    0.000000,    0.000000,    0.000000,    0.000000,    0.000000,    0.000000,    0.000000,    0.000000,           0,
